start,finish
44256.050012,44256.050694
44256.152789,44256.153472
44256.209039,44256.209722
44256.211123,44256.215278
44256.216678,44256.218750
44256.231956,44256.232639
44256.245150,44256.245833
44256.255567,44256.259028
44256.291678,44256.312500
