start,finish
44256.084051,44256.084734
44256.105579,44256.106262
44256.152106,44256.152789
44256.210440,44256.214595
44256.252106,44256.253484
44256.254884,44256.259039
44256.259745,44256.262512
44256.273634,44256.274317
44256.286829,44256.287512
44256.312523,44256.313900
44256.354190,44256.375012
